date,year,month,wind_speed,wind_direction,temperature,pressure,humidity
2010-01-01,2010,1,12.496,273.0,31.0,1028.33,64.75
2010-02-01,2010,2,11.821,291.0,32.0,1026.67,65.5
2010-03-01,2010,3,13.188,309.0,33.0,1025.0,66.25
2010-04-01,2010,4,12.367,327.0,34.0,1023.33,67.0
2010-05-01,2010,5,12.979,345.0,35.0,1021.67,67.75
2010-06-01,2010,6,12.013,3.0,36.0,1020.0,68.5
2010-07-01,2010,7,13.671,21.0,37.0,1018.33,69.25
2010-08-01,2010,8,12.558,39.0,38.0,1016.67,70.0
2010-09-01,2010,9,14.363,57.0,39.0,1015.0,70.75
2010-10-01,2010,10,13.104,75.0,40.0,1013.33,71.5
2010-11-01,2010,11,15.054,93.0,41.0,1011.67,72.25
2010-12-01,2010,12,13.65,111.0,42.0,1010.0,73.0
2011-01-01,2011,1,13.096,274.5,31.2,1028.83,64.75
2011-02-01,2011,2,12.421,292.5,32.2,1027.17,65.5
2011-03-01,2011,3,13.788,310.5,33.2,1025.5,66.25
2011-04-01,2011,4,12.067,328.5,34.2,1023.83,67.0
2011-05-01,2011,5,13.579,346.5,35.2,1022.17,67.75
2011-06-01,2011,6,12.613,4.5,36.2,1020.5,68.5
2011-07-01,2011,7,14.271,22.5,37.2,1018.83,69.25
2011-08-01,2011,8,13.158,40.5,38.2,1017.17,70.0
2011-09-01,2011,9,14.963,58.5,39.2,1015.5,70.75
2011-10-01,2011,10,13.704,76.5,40.2,1013.83,71.5
2011-11-01,2011,11,15.654,94.5,41.2,1012.17,72.25
2011-12-01,2011,12,14.25,112.5,42.2,1010.5,73.0
2012-01-01,2012,1,13.696,276.0,31.4,1029.33,64.75
2012-02-01,2012,2,13.021,294.0,32.4,1027.67,65.5
2012-03-01,2012,3,13.488,312.0,33.4,1026.0,66.25
2012-04-01,2012,4,12.667,330.0,34.4,1024.33,67.0
2012-05-01,2012,5,14.179,348.0,35.4,1022.67,67.75
2012-06-01,2012,6,13.213,6.0,36.4,1021.0,68.5
2012-07-01,2012,7,14.871,24.0,37.4,1019.33,69.25
2012-08-01,2012,8,13.758,42.0,38.4,1017.67,70.0
2012-09-01,2012,9,15.562,60.0,39.4,1016.0,70.75
2012-10-01,2012,10,14.304,78.0,40.4,1014.33,71.5
2012-11-01,2012,11,16.254,96.0,41.4,1012.67,72.25
2012-12-01,2012,12,13.95,114.0,42.4,1011.0,73.0
2013-01-01,2013,1,14.296,277.5,31.6,1029.83,64.75
2013-02-01,2013,2,12.721,295.5,32.6,1028.17,65.5
2013-03-01,2013,3,14.088,313.5,33.6,1026.5,66.25
2013-04-01,2013,4,13.267,331.5,34.6,1024.83,67.0
2013-05-01,2013,5,14.779,349.5,35.6,1023.17,67.75
2013-06-01,2013,6,13.813,7.5,36.6,1021.5,68.5
2013-07-01,2013,7,15.471,25.5,37.6,1019.83,69.25
2013-08-01,2013,8,14.358,43.5,38.6,1018.17,70.0
2013-09-01,2013,9,16.163,61.5,39.6,1016.5,70.75
2013-10-01,2013,10,14.904,79.5,40.6,1014.83,71.5
2013-11-01,2013,11,15.954,97.5,41.6,1013.17,72.25
2013-12-01,2013,12,14.55,115.5,42.6,1011.5,73.0
2014-01-01,2014,1,13.996,279.0,31.8,1030.33,64.75
2014-02-01,2014,2,13.321,297.0,32.8,1028.67,65.5
2014-03-01,2014,3,14.688,315.0,33.8,1027.0,66.25
2014-04-01,2014,4,13.867,333.0,34.8,1025.33,67.0
2014-05-01,2014,5,15.379,351.0,35.8,1023.67,67.75
2014-06-01,2014,6,14.413,9.0,36.8,1022.0,68.5
2014-07-01,2014,7,16.071,27.0,37.8,1020.33,69.25
2014-08-01,2014,8,14.958,45.0,38.8,1018.67,70.0
2014-09-01,2014,9,16.763,63.0,39.8,1017.0,70.75
2014-10-01,2014,10,14.604,81.0,40.8,1015.33,71.5
2014-11-01,2014,11,16.554,99.0,41.8,1013.67,72.25
2014-12-01,2014,12,15.15,117.0,42.8,1012.0,73.0
2015-01-01,2015,1,12.096,280.5,32.0,1030.83,64.75
2015-02-01,2015,2,11.421,298.5,33.0,1029.17,65.5
2015-03-01,2015,3,12.788,316.5,34.0,1027.5,66.25
2015-04-01,2015,4,11.967,334.5,35.0,1025.83,67.0
2015-05-01,2015,5,13.479,352.5,36.0,1024.17,67.75
2015-06-01,2015,6,12.513,10.5,37.0,1022.5,68.5
2015-07-01,2015,7,14.171,28.5,38.0,1020.83,69.25
2015-08-01,2015,8,13.058,46.5,39.0,1019.17,70.0
2015-09-01,2015,9,13.963,64.5,40.0,1017.5,70.75
2015-10-01,2015,10,12.704,82.5,41.0,1015.83,71.5
2015-11-01,2015,11,14.654,100.5,42.0,1014.17,72.25
2015-12-01,2015,12,13.25,118.5,43.0,1012.5,73.0
2016-01-01,2016,1,12.696,282.0,32.2,1031.33,64.75
2016-02-01,2016,2,12.021,300.0,33.2,1029.67,65.5
2016-03-01,2016,3,13.388,318.0,34.2,1028.0,66.25
2016-04-01,2016,4,12.567,336.0,35.2,1026.33,67.0
2016-05-01,2016,5,14.079,354.0,36.2,1024.67,67.75
2016-06-01,2016,6,13.113,12.0,37.2,1023.0,68.5
2016-07-01,2016,7,14.771,30.0,38.2,1021.33,69.25
2016-08-01,2016,8,12.758,48.0,39.2,1019.67,70.0
2016-09-01,2016,9,14.562,66.0,40.2,1018.0,70.75
2016-10-01,2016,10,13.304,84.0,41.2,1016.33,71.5
2016-11-01,2016,11,15.254,102.0,42.2,1014.67,72.25
2016-12-01,2016,12,13.85,120.0,43.2,1013.0,73.0
2017-01-01,2017,1,13.296,283.5,32.4,1031.83,64.75
2017-02-01,2017,2,12.621,301.5,33.4,1030.17,65.5
2017-03-01,2017,3,13.988,319.5,34.4,1028.5,66.25
2017-04-01,2017,4,13.167,337.5,35.4,1026.83,67.0
2017-05-01,2017,5,14.679,355.5,36.4,1025.17,67.75
2017-06-01,2017,6,13.713,13.5,37.4,1023.5,68.5
2017-07-01,2017,7,14.471,31.5,38.4,1021.83,69.25
2017-08-01,2017,8,13.358,49.5,39.4,1020.17,70.0
2017-09-01,2017,9,15.162,67.5,40.4,1018.5,70.75
2017-10-01,2017,10,13.904,85.5,41.4,1016.83,71.5
2017-11-01,2017,11,15.854,103.5,42.4,1015.17,72.25
2017-12-01,2017,12,14.45,121.5,43.4,1013.5,73.0
2018-01-01,2018,1,13.896,285.0,32.6,1032.33,64.75
2018-02-01,2018,2,13.221,303.0,33.6,1030.67,65.5
2018-03-01,2018,3,14.588,321.0,34.6,1029.0,66.25
2018-04-01,2018,4,13.767,339.0,35.6,1027.33,67.0
2018-05-01,2018,5,15.279,357.0,36.6,1025.67,67.75
2018-06-01,2018,6,13.413,15.0,37.6,1024.0,68.5
2018-07-01,2018,7,15.071,33.0,38.6,1022.33,69.25
2018-08-01,2018,8,13.958,51.0,39.6,1020.67,70.0
2018-09-01,2018,9,15.763,69.0,40.6,1019.0,70.75
2018-10-01,2018,10,14.504,87.0,41.6,1017.33,71.5
2018-11-01,2018,11,16.454,105.0,42.6,1015.67,72.25
2018-12-01,2018,12,15.05,123.0,43.6,1014.0,73.0
2019-01-01,2019,1,14.496,286.5,32.8,1032.83,64.75
2019-02-01,2019,2,13.821,304.5,33.8,1031.17,65.5
2019-03-01,2019,3,15.188,322.5,34.8,1029.5,66.25
2019-04-01,2019,4,14.367,340.5,35.8,1027.83,67.0
2019-05-01,2019,5,14.979,358.5,36.8,1026.17,67.75
2019-06-01,2019,6,14.013,16.5,37.8,1024.5,68.5
2019-07-01,2019,7,15.671,34.5,38.8,1022.83,69.25
2019-08-01,2019,8,14.558,52.5,39.8,1021.17,70.0
2019-09-01,2019,9,16.363,70.5,40.8,1019.5,70.75
2019-10-01,2019,10,15.104,88.5,41.8,1017.83,71.5
2019-11-01,2019,11,17.054,106.5,42.8,1016.17,72.25
2019-12-01,2019,12,15.65,124.5,43.8,1014.5,73.0
2020-01-01,2020,1,12.596,288.0,33.0,1033.33,64.75
2020-02-01,2020,2,11.921,306.0,34.0,1031.67,65.5
2020-03-01,2020,3,13.288,324.0,35.0,1030.0,66.25
2020-04-01,2020,4,11.567,342.0,36.0,1028.33,67.0
2020-05-01,2020,5,13.079,0.0,37.0,1026.67,67.75
2020-06-01,2020,6,12.113,18.0,38.0,1025.0,68.5
2020-07-01,2020,7,13.771,36.0,39.0,1023.33,69.25
2020-08-01,2020,8,12.658,54.0,40.0,1021.67,70.0
2020-09-01,2020,9,14.463,72.0,41.0,1020.0,70.75
2020-10-01,2020,10,13.204,90.0,42.0,1018.33,71.5
2020-11-01,2020,11,15.154,108.0,43.0,1016.67,72.25
2020-12-01,2020,12,13.75,126.0,44.0,1015.0,73.0
2021-01-01,2021,1,13.196,289.5,33.2,1033.83,64.75
2021-02-01,2021,2,12.521,307.5,34.2,1032.17,65.5
2021-03-01,2021,3,12.988,325.5,35.2,1030.5,66.25
2021-04-01,2021,4,12.167,343.5,36.2,1028.83,67.0
2021-05-01,2021,5,13.679,1.5,37.2,1027.17,67.75
2021-06-01,2021,6,12.713,19.5,38.2,1025.5,68.5
2021-07-01,2021,7,14.371,37.5,39.2,1023.83,69.25
2021-08-01,2021,8,13.258,55.5,40.2,1022.17,70.0
2021-09-01,2021,9,15.062,73.5,41.2,1020.5,70.75
2021-10-01,2021,10,13.804,91.5,42.2,1018.83,71.5
2021-11-01,2021,11,15.754,109.5,43.2,1017.17,72.25
2021-12-01,2021,12,13.45,127.5,44.2,1015.5,73.0
2022-01-01,2022,1,13.796,291.0,33.4,1034.33,64.75
2022-02-01,2022,2,12.221,309.0,34.4,1032.67,65.5
2022-03-01,2022,3,13.588,327.0,35.4,1031.0,66.25
2022-04-01,2022,4,12.767,345.0,36.4,1029.33,67.0
2022-05-01,2022,5,14.279,3.0,37.4,1027.67,67.75
2022-06-01,2022,6,13.313,21.0,38.4,1026.0,68.5
2022-07-01,2022,7,14.971,39.0,39.4,1024.33,69.25
2022-08-01,2022,8,13.858,57.0,40.4,1022.67,70.0
2022-09-01,2022,9,15.662,75.0,41.4,1021.0,70.75
2022-10-01,2022,10,14.404,93.0,42.4,1019.33,71.5
2022-11-01,2022,11,15.454,111.0,43.4,1017.67,72.25
2022-12-01,2022,12,14.05,129.0,44.4,1016.0,73.0
2023-01-01,2023,1,13.496,292.5,33.6,1034.83,64.75
2023-02-01,2023,2,12.821,310.5,34.6,1033.17,65.5
2023-03-01,2023,3,14.188,328.5,35.6,1031.5,66.25
2023-04-01,2023,4,13.367,346.5,36.6,1029.83,67.0
2023-05-01,2023,5,14.879,4.5,37.6,1028.17,67.75
2023-06-01,2023,6,13.913,22.5,38.6,1026.5,68.5
2023-07-01,2023,7,15.571,40.5,39.6,1024.83,69.25
2023-08-01,2023,8,14.458,58.5,40.6,1023.17,70.0
2023-09-01,2023,9,16.263,76.5,41.6,1021.5,70.75
2023-10-01,2023,10,14.104,94.5,42.6,1019.83,71.5
2023-11-01,2023,11,16.054,112.5,43.6,1018.17,72.25
2023-12-01,2023,12,14.65,130.5,44.6,1016.5,73.0
2024-01-01,2024,1,14.096,294.0,33.8,1035.33,64.75
2024-02-01,2024,2,13.421,312.0,34.8,1033.67,65.5
2024-03-01,2024,3,14.788,330.0,35.8,1032.0,66.25
2024-04-01,2024,4,13.967,348.0,36.8,1030.33,67.0
2024-05-01,2024,5,15.479,6.0,37.8,1028.67,67.75
2024-06-01,2024,6,14.513,24.0,38.8,1027.0,68.5
2024-07-01,2024,7,16.171,42.0,39.8,1025.33,69.25
2024-08-01,2024,8,15.058,60.0,40.8,1023.67,70.0
2024-09-01,2024,9,15.963,78.0,41.8,1022.0,70.75
2024-10-01,2024,10,14.704,96.0,42.8,1020.33,71.5
2024-11-01,2024,11,16.654,114.0,43.8,1018.67,72.25
2024-12-01,2024,12,15.25,132.0,44.8,1017.0,73.0
2025-01-01,2025,1,12.196,295.5,34.0,1035.83,64.75
2025-02-01,2025,2,11.521,313.5,35.0,1034.17,65.5
2025-03-01,2025,3,12.888,331.5,36.0,1032.5,66.25
2025-04-01,2025,4,12.067,349.5,37.0,1030.83,67.0
2025-05-01,2025,5,13.579,7.5,38.0,1029.17,67.75
2025-06-01,2025,6,12.613,25.5,39.0,1027.5,68.5
2025-07-01,2025,7,14.271,43.5,40.0,1025.83,69.25
2025-08-01,2025,8,12.258,61.5,41.0,1024.17,70.0
2025-09-01,2025,9,14.062,79.5,42.0,1022.5,70.75
2025-10-01,2025,10,12.804,97.5,43.0,1020.83,71.5
2025-11-01,2025,11,14.754,115.5,44.0,1019.17,72.25
2025-12-01,2025,12,13.35,133.5,45.0,1017.5,73.0
